text,label
"Dear Customer, Your PayPal account has been temporarily suspended due to unusual activity. Click here immediately to verify your identity: http://paypa1-verify.ru/login. Failure to act within 24 hours will result in permanent closure.",1
"URGENT! Your bank account will be CLOSED in 24 hours unless you verify your details NOW! Click http://bit.ly/verify-now to confirm your password and SSN.",1
"Congratulations!!! You have WON $1,000,000 in the Microsoft Lottery! To claim your prize, send your full name, address, and bank details to claims@microsoft-lottery-winner.tk",1
"Dear Valued Customer, We detected a suspicious login attempt to your Amazon account from Russia. Verify your account here: http://192.168.4.21/amazon-secure or your account will be deactivated.",1
"Hi, I am the CEO. I need you to urgently purchase $500 worth of iTunes gift cards for a client gift. Send me the codes ASAP. Do not call me, I'm in a meeting.",1
"Your package delivery has FAILED. To reschedule, please confirm your address and payment details at http://fedex-redelivery.com.cn/track123",1
"IRS NOTICE: You owe $4,372 in back taxes. Pay immediately via this secure link or face legal action: http://irs-payment-portal.xyz/pay",1
"Dear user, your Netflix subscription has been suspended due to a billing problem. Update your payment information here: http://netfllix-billing.com/update",1
"Hello Dear, I am Mrs. Sarah from Nigeria. My late husband left $25 million USD. I want to transfer it to your account. Please send your bank details and a copy of your passport.",1
"Your Apple ID was used to sign in to iCloud from a new device. If this wasn't you, click here to lock your account: http://appleid-lock.support/verify",1
"FINAL WARNING: Your email account will be deleted in 12 hours. Confirm your password to keep your account active: http://mail-verify-now.tk",1
"Hi, this is Microsoft Support. We detected viruses on your computer. Call 1-800-XXX-XXXX immediately or click http://ms-defender-help.ru/scan to remove them.",1
"Dear customer, your order #38291 could not be processed. Please update your credit card information at http://amaz0n-orders.com/update to receive your package.",1
"Action required: Your Office 365 password expires today. Reset it now to avoid losing access: http://outlook-resetpw.cf/reset",1
"You have a NEW VOICEMAIL from an unknown number. Listen to the message here: http://voicemail-listen.click/msg492.mp3",1
"Dear DHL customer, your shipment is on hold due to incorrect address. Verify and pay $2.99 customs fee here: http://dhl-customs-pay.info",1
"Congratulations! You are the 1,000,000th visitor to our site! Click here to claim your free iPhone 15: http://win-iphone-now.gq/claim",1
"Hello, I'm an attorney representing the late Mr. Johnson who died in a car crash leaving $8.5 million. As you share his surname, you are the next of kin. Reply with your details.",1
"Your Chase account has been LOCKED for security reasons. Unlock now by verifying your card number and PIN here: http://chase-unlock.security-alerts.org",1
"Dear staff, due to COVID-19 policy update, all employees must verify their credentials at this new HR portal: http://company-hr-update.work/verify",1
"WARNING! Your computer is infected with 3 viruses! Click here to download FREE antivirus software immediately: http://free-antivirus-download.tk",1
"Dear LinkedIn member, you have 7 unread messages from recruiters. Sign in here to view: http://linkedin-msg-center.ml/inbox",1
"Important: Your Wells Fargo card was charged $899.00 at Best Buy. If you did not authorize, click here: http://wellsfargo-dispute.review/fraud",1
"URGENT: A wire transfer of $9,800 from your account is PENDING. Cancel it now by logging in: http://bank-of-america-cancel.cyou",1
"You've received a secure document from HR. Open it here using your work credentials: http://docusign-secure-view.online/doc",1
"Dear customer, your domain name expires TOMORROW. Renew now to avoid losing your website: http://godaddy-renew-urgent.icu/pay",1
"Hello, your Steam account has been flagged for unusual activity. Verify your account here within 1 hour or lose access: http://steamcommunity-verify.host/auth",1
"Hi dear, I saw your profile and I think you are very handsome. I want to be your friend. Click here to see my photos: http://hotsingles-online.click",1
"ATTENTION: Your social security number has been suspended due to suspicious activity. Call 1-800-XXX-XXXX immediately or face arrest.",1
"DEAR BENEFICIARY, You have been chosen to receive a $15,000 grant from the United Nations Relief Fund. Send your bank details to claim.",1
"Dear valued member, your account access has been restricted. Complete verification now: http://secure-account-update.gq/verify?id=39281",1
"Your Coinbase wallet has been compromised! Immediately move your Bitcoin to this safe wallet address to protect your funds: bc1q9x7kl...",1
"Urgent security alert: Someone accessed your Gmail from an unknown location. Secure your account now: http://google-account-secure.ml/verify",1
"Hello, we are contacting you about your car's extended warranty that is about to expire. Call us now at 1-800-WARRANT to renew.",1
"WINNER NOTIFICATION: You have been randomly selected to win a $500 Amazon gift card. Click here to claim before it expires: http://amaz0n-gift-claim.tk",1
"Your Dropbox storage is full and files are being deleted. Upgrade now: http://dropbox-storage-renew.online/upgrade",1
"Important: We noticed unusual purchases on your credit card. Verify your card details here to prevent fraud: http://visa-fraud-verify.cf/confirm",1
"Dear Account Holder, We are currently upgrading our banking systems. Please re-confirm your account details here: http://secure-banking-portal.top/confirm",1
"Hi, This is PayPal Security Team. Your account was accessed from an unknown IP. Verify immediately: http://paypal-secure-login.xyz/auth",1
"Final notice: Your subscription to Adobe Creative Cloud will be terminated. Update payment info: http://adobe-billing-update.host/renew",1
"ALERT: Tax refund of $2,843.00 is pending in your name. Submit your bank details to receive it: http://irs-refund-claim.cyou",1
"Dear user, your password was changed on a device we don't recognize. If this wasn't you, click here immediately: http://accounts-security-reset.ml",1
"You have been selected for our customer reward program! Claim your $250 gift now: http://reward-center-claim.gq/gift",1
"Your WhatsApp account will be suspended. Verify your phone number here to continue: http://whatsapp-verify.online/number",1
"NOTICE: Your Medicare benefits will expire unless you call 1-888-XXX-XXXX to confirm your eligibility today.",1
"This is a notification that your Venmo account has been limited. Please verify your identity: http://venmo-id-verify.xyz/confirm",1
"Dear sir/madam, your application for the UK visa lottery has been approved. Provide bank details to pay the processing fee.",1
"Urgent: A $10,000 payment from your account to an unknown party failed due to insufficient funds. Contact us now: http://bankfraud-alert.work/case",1
"IMPORTANT: Your iCloud account has been compromised. Confirm your Apple ID and password here: http://icloud-id-verify.top/secure",1
"You have ONE new voicemail. It is urgent. Please listen by clicking here and entering your email password: http://voicemail-urgent.icu",1
"Your Spotify Premium subscription has ended. Click here to restore access and enter your payment info: http://spotify-renew.online/billing",1
"Congratulations! Your Facebook account has been selected to receive a verified badge. Click here to verify: http://facebbok-badge.tk/verify",1
"URGENT ACTION REQUIRED: Your crypto wallet shows a suspicious outgoing transaction. Login immediately to block it: http://crypto-wallet-block.ml",1
"This is Citibank fraud prevention. We have frozen your card due to suspicious charges. Confirm your PIN and card number to unfreeze.",1
"Dear Taxpayer, the IRS has filed a lien against your property. Call this number immediately to resolve: 1-888-IRS-HELP or face seizure.",1
"You have a package that could not be delivered because of unpaid customs fees of $3.50. Pay now: http://usps-customs-pay.xyz/track",1
"Greetings, I am a diplomat carrying a consignment box containing $9.5 million in your name. Pay a release fee of $350 to claim it.",1
"SECURITY BREACH DETECTED on your account! Your password has been leaked. Change it now: http://password-reset-secure.gq/update",1
"Dear Account Holder, Your online banking session has expired for security reasons. Log back in: http://regions-bank-secure.cf/login",1
"You are pre-approved for a $50,000 personal loan with 0% interest. Confirm your SSN and bank account to receive funds today.",1
"FINAL NOTICE from debt collection agency: You owe $1,247.82. Pay today to avoid credit damage and legal action: http://debtcollect.tk/pay",1
"Alert: Your email storage quota has been exceeded. Your incoming mails are being rejected. Click to upgrade storage: http://email-storage-upgrade.xyz",1
"Congratulations! You've been chosen to test the new iPhone 17 for free. We just need your shipping address and credit card for verification.",1
"Hi, I need your help urgently. I am stuck abroad and my wallet was stolen. Please send $800 via Western Union and I will pay you back.",1
"DEAR WINNER, You have won 500,000 GBP in the UK National Lottery online draw. Contact our agent at claim@lottery-uk.gq with your details.",1
"Your Google account has been compromised and is being used to send spam. Verify your identity: http://google-account-lock.ml/verify",1
"Action required: A direct debit of $344 was declined. Update your payment method here: http://netflix-payment-update.online",1
"Hi Team, please send me the list of all employees with their salary details for a HR audit. This is confidential, reply directly to me.",1
"Your Amazon Prime membership has been suspended. To restore access, verify your account: http://prime-verify.xyz/login",1
"Dear Member, we need to verify your account before your annual review expires. Click here and enter your username and password.",1
"ALERT: New sign-in to your Google account. Location: Beijing, China. If not you, secure your account: http://g00gle-security.ml/alert",1
"You owe an outstanding balance on your student loan. Failure to pay within 48 hours will result in a court summons.",1
"Your PayPal payment of $299 to XYZ Electronics was blocked. Confirm you authorized this by entering your password here.",1
"FINAL OFFER: Your car insurance is about to be cancelled. Call 1-800-XXX-XXXX now or click here to avoid losing coverage.",1
"Congratulations! As a loyal user, you've earned a $1,000 cash reward. Claim it by providing your bank routing number today.",1
"We have attempted to deliver your package 3 times. Final attempt tomorrow. Confirm delivery address: http://ups-confirm-address.tk",1
"Hello, This message is from the bank security team. Your card PIN must be reset. Reply with your card number and current PIN.",1
"LAST CHANCE: Renew your antivirus license now! Your computer is at risk. Click here: http://norton-renew-urgent.gq/license",1
"You have a pending Bitcoin transaction of 0.5 BTC to an unknown address. If unauthorized, cancel now: http://blockchain-cancel.ml/tx",1
"Important security update: We noticed your password was involved in a data breach. Reset it now: http://password-breach-reset.online",1
"Urgent: Your Zelle account has been limited due to unusual activity. Verify your identity: http://zelle-verify.top/identity",1
"Dear member, Your health insurance claim of $4,500 has been rejected due to missing information. Submit documents: http://healthclaim-docs.xyz",1
"You have received a wire transfer of $15,000. To accept it, please confirm your bank account details and routing number immediately.",1
"ATTENTION: The FBI cyber division has detected illegal activities linked to your IP address. Pay a fine of $500 or face arrest: http://fbi-fine-payment.gq",1
"Hello. Your Instagram account has been flagged for spam. Final warning before deletion. Verify here: http://instagr4m-verify.ml/account",1
"Hey there! Just a reminder about our team lunch on Friday at noon. The usual spot — let me know if you can make it or if you need the address again.",0
"Hi Sarah, Hope you're doing well! I wanted to share the project report we discussed. I've attached the PDF. Let me know if you have any questions. Best, Mark",0
"Your Amazon order #114-2938471-0293847 has shipped. Expected delivery: Wednesday, June 5. Track your package at amazon.com/orders",0
"Hi team, The weekly standup is moved from 9am to 10am tomorrow due to a conflict. The Zoom link stays the same. Thanks!",0
"Dear John, Thank you for submitting your application. We have received it and will review it within 5 business days. We will contact you for next steps.",0
"Hello! Your Uber Eats order from Chipotle is confirmed. Estimated delivery time: 35-45 minutes. You can track your order in the app.",0
"Hi everyone, As a reminder, the office will be closed on Monday for the public holiday. Please plan accordingly. See you Tuesday!",0
"Your Netflix account has been successfully renewed for another month. Next billing date: July 15. Manage your subscription at netflix.com/account.",0
"Hello, This is a confirmation that your appointment with Dr. Smith has been scheduled for Thursday, June 10 at 2:30 PM. Reply YES to confirm.",0
"Hi, Just following up on the proposal I sent last week. Let me know if you have any questions or would like to schedule a call to discuss.",0
"Good morning team, Please find attached the quarterly financial report. Key highlights: revenue up 12%, operating costs down 3%. Full details in the document.",0
"Hi there, Your GitHub pull request #247 has been reviewed and approved. You can now merge it into the main branch. Nice work!",0
"Dear Parent/Guardian, This is a reminder that the school science fair is this Saturday from 10am to 2pm. We hope to see you there!",0
"Hi, Just wanted to let you know I'll be working from home today. You can reach me on Slack or phone as usual. Thanks!",0
"Your flight booking is confirmed! Flight AA1234 from NYC to LA on June 20. Check-in opens 24 hours before departure at aa.com.",0
"Hi Lisa, Thanks for meeting with us today. As discussed, we'll send the contract by end of week for your review. Looking forward to working together!",0
"Hello, We wanted to let you know that our summer sale starts tomorrow! Up to 30% off selected items. Visit our store to browse the deals.",0
"Team, Please remember to submit your timesheets by Friday 5pm. HR needs them processed for payroll next week. Thank you.",0
"Hey, Quick question — do you know if the conference room is free this afternoon around 3pm? I need to set up a client call. Thanks!",0
"Your subscription to The New York Times has been renewed. Your card ending in 4242 was charged $17.00. Manage at nytimes.com/account.",0
"Hi, Your Dropbox file 'presentation_v3.pptx' has been shared with you by Tom. Click here to view: dropbox.com/sh/xyz123",0
"Hello team, I've updated the project timeline in Asana based on today's discussion. Please review and add your tasks by Wednesday.",0
"Good afternoon, This is a reminder that your library books are due back next Monday. You can renew them online at library.org/renew.",0
"Hi Jane, The budget spreadsheet you requested is attached. I've highlighted the Q3 variances you mentioned. Let me know if you need anything else.",0
"Your Spotify playlist 'Chill Vibes' has a new recommended song added. Listen now in the app. Enjoy the music!",0
"Hi, Just confirming our lunch meeting tomorrow at 12:30 at The Italian Place on 5th. Looking forward to catching up!",0
"Hello, We've processed your refund of $24.99. It will appear on your statement within 3-5 business days. Thank you for your patience.",0
"Hi everyone, Reminder that the team-building event is next Friday afternoon. Please RSVP to Jessica by Wednesday so she can finalize catering.",0
"Your password was successfully changed. If you did not make this change, please contact support immediately at support@yourbank.com.",0
"Good morning, Attached is the agenda for tomorrow's board meeting. Please review before the session and come prepared with your updates.",0
"Hey! Quick heads up — I'll be about 10 minutes late to our 3pm meeting. Just wrapping up a call. See you shortly!",0
"Hi, Your Google Meet link for the 2pm interview is: meet.google.com/abc-defg-hij. Please join 5 minutes early. Good luck!",0
"Hello, This is a courtesy reminder that your car registration expires at the end of this month. Renew online at dmv.gov.",0
"Dear Customer, Your case #CAS-29381 has been resolved. If you need further assistance, please contact us at support@company.com.",0
"Hi Team, Great news — the client approved our proposal! Let's meet Monday to plan next steps. I'll send a calendar invite shortly.",0
"Your weekly summary from Duolingo: You completed 5 lessons this week and maintained a 14-day streak. Keep it up! 🎉",0
"Hello, This is to confirm that your direct deposit of $2,450.00 has been received and posted to your checking account.",0
"Hi, The meeting notes from today's session are attached. Action items are highlighted in yellow. Please review and respond by Friday.",0
"Good evening, Your Airbnb reservation in Barcelona is confirmed for July 10-15. Host Elena will send check-in details 48 hours before arrival.",0
"Hey, Can you send me the login details for the analytics dashboard? I need to pull some data for the report. Thanks!",0
"Hi there, Just a reminder that your gym membership auto-renews in 3 days. To cancel or change your plan, visit the member portal.",0
"Hello, We're reaching out to let you know that your support ticket #38291 has been escalated to our engineering team for review.",0
"Hi David, Attached is the invoice for last month's consulting work. Total: $3,200. Payment is due within 30 days. Thank you!",0
"Team, Don't forget we have a company all-hands this Thursday at 4pm. The CEO will share Q2 results and the roadmap for H2.",0
"Hello, Your Zoom recording from the 2pm meeting on June 3 is now available. You can view it at zoom.us/recording/xyz.",0
"Hi! I just wanted to say thank you for helping me with the presentation yesterday. It went really well and the client loved it.",0
"Dear Student, Your grade for COMM 301 has been posted. You can view it on the student portal at university.edu/grades.",0
"Hey, I've sent you a Google Doc with my comments on the draft. Check it out when you get a chance — mostly small edits. No rush!",0
"Hello, Your electricity bill for June is ready to view. Amount due: $87.50 by June 25. Log in at electricityco.com to pay.",0
"Hi, Just a reminder that your dental appointment is next Tuesday at 10am with Dr. Patel. Reply CONFIRM to keep it or CANCEL to reschedule.",0
"Good morning! Quick reminder that we're doing performance reviews this month. I'll reach out individually to schedule 1-on-1s. Thanks!",0
"Your order from Best Buy has been delivered to your front door. If there are any issues, contact bestbuy.com/support.",0
"Hey team, The code freeze for the v2.0 release is this Friday. Please make sure all PRs are merged and tested before then.",0
"Hi Maria, Thank you for attending our webinar on digital marketing. Here is the link to the recording and the slides we promised.",0
"Hello, We are conducting a routine system maintenance this weekend from 11pm to 3am. Some services may be temporarily unavailable.",0
"Hi, Your LinkedIn connection request has been accepted by Robert Chen, Senior Engineer at Google. You can now message each other.",0
"Good afternoon, I've just updated the shared spreadsheet with last week's sales data. Let me know if anything looks off. Thanks!",0
"Hey! Are you free for a call sometime this week? I wanted to get your opinion on something before we finalize the design.",0
"Your Venmo payment of $45 to Mike for dinner has been sent. Your new balance is $123.50. View the transaction at venmo.com.",0
"Dear Sir or Madam, We are pleased to invite you to the annual gala dinner on September 14 at the Grand Ballroom. RSVP by August 30.",0
"Hi, Just a heads up that I've submitted the quarterly tax documents to the accountant. Let me know if you need copies for your records.",0
"Hello, Your two-factor authentication code is 583921. This code expires in 10 minutes. If you did not request this, ignore this message.",0
"Hey everyone, Lunch is on us today! The company is ordering pizza for the whole team. Just reply with your order by 11:30am.",0
"Hi, Your mentorship session with Alex is confirmed for next Wednesday at 4pm. You'll receive a calendar invite shortly.",0
"Good morning, The printer on the 3rd floor is now working again after maintenance. Sorry for any inconvenience this week.",0
"Hi, Please find attached the NDA we discussed. Review it with your legal team and sign by end of week if you're happy. Thanks.",0
"Your package from ASOS is out for delivery today. You'll receive an update when it's delivered. Track at asos.com/my-orders.",0
"Hey, Quick reminder to vote in the team poll about our holiday party date. The link was shared in the team Slack channel.",0
"Hello, This is your bank: a new payee has been added to your account by you on June 4. If this was not you, call us immediately.",0
"Hi, Thanks for subscribing to our monthly newsletter! You'll receive curated articles and resources every first Monday of the month.",0
"Team, I'll be out of office from June 10-14 for vacation. Please reach out to Jessica for urgent matters during this time.",0
"Hi, Your Medium article 'Top 5 Python Tips' has been published and is now live. Share it with your network!",0
"Good afternoon, We are delighted to offer you the position of Software Engineer. Please review the attached offer letter.",0
"Hey! Long time no talk. I'll be in your city next month for a conference. Any chance you'd be free for coffee? Would love to catch up.",0
"Hello, Your Cloud Storage backup completed successfully. 3.4 GB uploaded. Last backup: June 4 at 11:30 PM. All files are safe.",0
"Hi Team, The design mockups for the new dashboard are ready for review. I've shared them in Figma — comments welcome by Friday.",0
"Your subscription to Adobe Creative Cloud renews on July 1. The amount of $54.99 will be charged to your card on file.",0
"Hey, Just checking in on the status of the Johnson account. Are we still on track to deliver by end of the month? Let me know.",0
"Dear Alumni, You are cordially invited to the annual homecoming event on October 5. Register at alumni.university.edu.",0
"Hello, A reminder that your car service appointment is booked for this Saturday at 9am at City Motors. Call us if you need to reschedule.",0
"Hi James, I've attached the revised contract with the changes we discussed. The key updates are in sections 3 and 7. Please review.",0
"Good morning! Here's your daily briefing: 3 meetings today, 2 pending emails from clients, 1 deadline this Friday. Have a great day!",0
"Hey, I noticed the budget tracker hasn't been updated this week. Can you add your department's figures before EOD? Thanks!",0
"Your bank has sent you a new statement. Log in to your online banking at yourbank.com to view your June statement.",0
"Hi, Just sent you a Slack DM with some feedback on your report. Nothing major — mostly formatting and a few data points to double-check.",0
"Good evening, Your Instacart order from Whole Foods is on its way. Estimated arrival: 8:15 PM. Track your shopper in the app.",0
"Hello, This is a reminder from the City Council that your property tax payment is due on June 30. Pay online at city.gov/tax.",0
"Hi Team, We've rolled back the database migration due to an issue found in QA. I'll share a postmortem by end of week.",0
"Hey, I just saw your presentation at the conference — great work! Would love to connect and learn more about your research.",0
"Your Apple ID email address was changed. If you did not make this change, go to appleid.apple.com and sign in immediately.",0
"Hi, This is a reminder that the fire drill is scheduled for this Thursday at 10am. Please exit via the nearest stairwell.",0
"Hello, Your interview with Acme Corp has been rescheduled from June 8 to June 12 at 3pm. The Zoom link remains the same.",0
"Hi Mom, I just landed safely. The flight was smooth. I'll call you tonight once I've checked into the hotel. Love you!",0
"Team, Quick update: the server upgrade last night went smoothly. All systems are running normally. No action needed from anyone.",0
"Hi, Congratulations on completing the Advanced Python course! Your certificate is ready to download from the platform.",0
"Dear Customer, your annual credit card fee of $95 has been waived as a loyalty reward. No action required. Thank you for being with us.",0
"Hello! We noticed you left some items in your cart. Here's a reminder — your cart is saved and the items are still available.",0
"Hey, Can you cover my shift on Saturday? I'll swap with you for Sunday. Let me know ASAP so I can sort it out with the manager.",0
"Good morning, This is your weekly digest from Google Analytics. Your website received 4,231 visits last week, up 8% from the prior week.",0
"Hi, Just confirming the invoice total is $1,250 for the photography package. Payment via bank transfer preferred. Details are attached.",0
"Your ZipRecruiter application for 'Data Analyst' at TechCorp was viewed by the employer. Apply to more jobs to increase your chances!",0
"Hello Team, Please complete the mandatory cybersecurity awareness training by June 15. The link is on the company intranet. Thank you.",0
"Hi, I wanted to share this interesting article I came across on machine learning. I think it's relevant to what we're building — enjoy!",0
"Good morning, The office coffee machine has been repaired. It's back in service. Thanks for your patience this week!",0
"Hi, A gentle reminder that your library ebook loan expires tomorrow. Borrow again or return it through the library app.",0
"Dear Customer, We want to let you know that our privacy policy has been updated. Please read the new policy at ourcompany.com/privacy.",0
"Hey! Happy birthday! Hope you have an amazing day — we should celebrate sometime this week if you're up for it!",0
"Your GitHub Actions workflow 'CI Pipeline' passed. Build time: 3m 42s. All 87 tests passed. See the results at github.com/actions.",0
"Hi Sarah, I've added your feedback to the document and updated the conclusion section. Can you review the final draft before we submit?",0
"Good afternoon, Your vet appointment for Max is tomorrow at 2pm at City Animal Clinic. Please arrive 10 minutes early to fill out forms.",0
"Team, Please join us for a virtual coffee chat this Friday at 4pm. It's casual — just a chance to catch up before the weekend.",0
"Hello, Your tax return has been processed by the IRS. Your refund of $1,340 will be deposited within 21 days. No further action needed.",0
"Hi, I'm reaching out because I noticed a possible bug in the checkout flow — items disappear from the cart on mobile. Can you look into it?",0
"Dear Investor, Your quarterly portfolio statement is now available. Log in at yourbrokerage.com to view your holdings and performance.",0
"Good morning! A new comment was posted on your blog post 'How to Start Investing.' Check it out and reply if you'd like!",0
"Hey, I tested the new feature on staging and it looks good to me. The only thing I noticed is a slight delay on the first load.",0
"Hi, Just a heads up that parking on Oak Street will be restricted on Friday for the road resurfacing project. Plan accordingly.",0
"Your Etsy order from HandmadeGifts is being prepared. You'll receive a shipping notification within 1-2 business days. Thank you!",0
"Hello, Your trial period for Grammarly Premium ends in 3 days. Upgrade to keep all premium features: grammarly.com/upgrade.",0
"Hi, We're planning a potluck lunch next Friday. Can you sign up for a dish on the shared Google Sheet? Link is in the email below.",0
"Good evening, This is to confirm your hotel reservation at Marriott Chicago from July 4-7. Check-in is at 3pm. Enjoy your stay!",0
"Hey! Great catching up today. I'll send the recap of what we discussed and the next steps we agreed on. Chat soon!",0
"Your monthly bank statement for May is ready. You can view and download it by logging in at yourbank.com/statements.",0
"Hi, Attached is the preliminary budget for next quarter. We're slightly over on marketing spend. Let's discuss options at our next meeting.",0
"Hello, This is a notice that the community association meeting is on June 18 at 7pm in the clubhouse. All residents are welcome.",0
"Hi Team, I've just deployed the hotfix to production. The payment processing issue is resolved. Thanks to everyone who helped debug.",0
"Dear Customer, Your feedback has been received. We appreciate your response to our survey and will use it to improve our service.",0
"Hey, do you have the login credentials for the staging server? I need to test a fix but can't find them in the shared doc.",0
"भारतीय स्टेट बैंक की ओर से शुभकामनाएं! Greetings from SBI! Dear Sir/Madam, Thank you for banking with State Bank of India. SB Collect Txn DUP4573938 dated 24/04/2026 for Rs. 800.00 credited to PBRVITS towards EXAM FEE. Please do not reply to this auto generated email. For any query please contact our toll-free number 18001234 and 18002100 or send mail to sbcollect@sbi.co.in with transaction reference number starting with DU. Sincerely Customer Service Team State Bank Of India",0
"Dear Customer, Your SBI account has been credited with Rs. 5000.00 on 01/05/2026. Available balance: Rs. 12,450.00. If not done by you call 18001234. This is an auto-generated mail. Do not reply.",0
"Dear Sir/Madam, Your SBI account XX1234 has been debited Rs. 1200.00 on 25/04/2026 at POS terminal. If not done by you, call 18001234 immediately. State Bank of India.",0
"Greetings from HDFC Bank. Dear Customer, Your account XX5678 is credited with Rs. 25000.00 by NEFT on 02/05/2026. Reference No: N2026050212345. Do not reply to this email. For queries call 18002526.",0
"Dear Customer, Thank you for using ICICI Bank NetBanking. Your transaction of Rs. 499.00 to Netflix India on 30/04/2026 is successful. Txn ID: ICICI20260430001. Helpline: 18001080.",0
"Dear Sir/Madam, Your LIC premium of Rs. 3500.00 for policy 123456789 has been received on 28/04/2026. Receipt No: LIC20260428. For queries contact 18004259876. Do not reply to this mail.",0
"Dear Customer, OTP for your SBI transaction is 839201. This OTP is valid for 10 minutes. Do not share this OTP with anyone. State Bank of India never asks for OTP over phone or email.",0
"Dear Sir, Your UAN 101234567890 - EPF account passbook for the year 2025-26 is now available. Login at unifiedportal-mem.epfindia.gov.in to view. EPFO Helpdesk: 18001118005.",0
"Dear Customer, Your Axis Bank credit card XX9876 statement for April 2026 is ready. Total due: Rs. 4,230.00. Minimum due: Rs. 423.00. Due date: 15/05/2026. Pay at axisbank.com.",0
"Greetings from Bank of Baroda. Dear Customer, NEFT payment of Rs. 10000.00 has been credited to your account XX3456 on 01/05/2026. UTR: BARBH26121000001. Helpline 18005700.",0
"Dear Student, Your fee payment of Rs. 45000.00 for semester 4 has been received by XYZ University via SB Collect. Transaction ID: DUP9876543 dated 01/05/2026. Keep this for your records.",0
"Dear Sir/Madam, This is to confirm receipt of Rs. 800.00 towards exam fee for PBRVITS via SBI Collect on 24/04/2026. Reference: DUP4573938. Contact examcell@pbrvits.ac.in for queries.",0
"Dear Customer, Your Amazon Pay UPI payment of Rs. 299.00 to Hotstar is successful. UPI Ref: 123456789012. Date: 30/04/2026. For dispute contact Amazon Pay support.",0
"Dear Sir, Your income tax refund of Rs. 3240.00 for AY 2025-26 has been credited to your bank account. Reference: 2025261234567890. For queries visit incometax.gov.in.",0
"Dear Customer, Your Jio recharge of Rs. 349.00 is successful. Validity: 28 days. Data: 2GB/day. SMS: 100/day. Recharge date: 01/05/2026. For support call 199.",0
"Dear Sir/Madam, Your SBI account has been credited with Rs. 800.00 via SB Collect on 24/04/2026. Txn Ref DUP4573938. For queries call 18001234 or email sbcollect@sbi.co.in. Do not reply to this auto generated email.",0
"Dear Sir/Madam, Payment of Rs. 1500.00 received towards college fee via SBI Collect. Transaction ID DUP1234567 dated 01/05/2026. Contact fee@college.ac.in for receipt. Do not reply.",0
"Dear Sir/Madam, Your HDFC Bank account XX1234 credited Rs. 2000.00 on 30/04/2026 via NEFT. UTR NO HDFC0001234. For disputes call 18002526. This is auto generated mail do not reply.",0
"Dear Sir/Madam, SBI Collect confirms receipt of Rs. 500.00 for EXAM FEE from student ID 21A91A0501 on 15/04/2026. Ref DUP9988776. Helpline 18001234.",0
"Dear Sir/Madam, Your UPI payment of Rs. 349.00 to Jio is successful. UPI Ref 304958271234. Date 01/05/2026. For support contact 199. This is an auto generated message.",0
"Your Paytm KYC is expired. Update now at http://paytm-kyc.tk/verify or your account will be blocked within 24 hours.",1
"Dear Customer, Your Aadhaar card is linked to illegal activity. Call 9876543210 immediately to avoid arrest.",1
"Congratulations! You won Rs. 50,000 in BSNL lucky draw. Send your bank details to claim the prize today.",1
"Your IRCTC account is suspended. Verify immediately at http://irctc-verify.xyz/login within 24 hours or lose access.",1
"Dear User, Your GPay account shows suspicious activity. Verify your OTP here: http://gpay-secure.tk/verify",1
"Your PAN card has been blocked by Income Tax Department. Pay Rs. 500 fine at http://it-fine.xyz or face legal action.",1
"URGENT: Your Aadhaar biometric is locked. Update immediately at http://uidai-update.tk/verify to avoid deactivation.",1
"Dear Customer, Your CIBIL score dropped to 300 due to fraud. Fix it now by clicking http://cibil-fix.xyz/repair",1
"Your Amazon India order is on hold. Verify your address and pay Rs. 29 customs fee: http://amazon-india-verify.tk",1
"ALERT: Your SBI net banking is blocked. Unlock now at http://sbi-unlock.xyz/login with your username and password.",1
"Dear User, Your Flipkart account is hacked. Reset password immediately: http://flipkart-reset.tk/password",1
"Congratulations! Reliance Jio is giving free 1 year recharge to selected users. Claim now: http://jio-free.gq/claim",1
"Your Aadhaar OTP is 847291. Share this with our agent to complete your KYC verification process immediately.",1
"Dear Sir, You have unclaimed EPF amount of Rs. 45000. Claim now by sending your bank details to epf-claim@gmail.com",1
"IRCTC Refund Alert: Your refund of Rs. 1200 is pending. Confirm your account at http://irctc-refund.xyz/claim",1
"Your electricity connection will be disconnected tonight at 9pm due to unpaid dues. Pay now: http://bescom-pay.tk",1
"Dear Customer, Your Swiggy account has won a free meal voucher worth Rs. 500. Claim: http://swiggy-voucher.gq",1
"BSNL: Your SIM card will be deactivated in 24 hours. Update your KYC at http://bsnl-kyc.xyz/update immediately.",1
"Dear User, Your Zomato account is selected for gold membership free. Enter card details: http://zomato-gold.tk",1
"Your Ola account is suspended due to suspicious rides. Verify your identity: http://ola-verify.xyz/account",1
"Dear Customer, Your Paytm KYC is credited with Rs. 500 cashback. Valid for 30 days. Use at any Paytm merchant.",0
"Your IRCTC ticket booking for train 12345 from Hyderabad to Chennai on 10/06/2026 is confirmed. PNR: 4819273650.",0
"Dear Student, Your hall ticket for JEE Mains 2026 is available. Download from jeemain.nta.nic.in using your login.",0
"Your GPay transaction of Rs. 200 to Swiggy is successful. UPI Ref: 304958271234. Date: 01/06/2026. Thank you.",0
"Dear Customer, Your Airtel postpaid bill of Rs. 499 for May 2026 is generated. Pay by 15/06/2026 at airtel.in.",0
"Your NEET 2026 admit card is ready. Download from neet.nta.nic.in using your application number and date of birth.",0
"Dear Candidate, Your interview at TCS is scheduled for 10/06/2026 at 10am. Venue: TCS Hyderabad. Carry your ID.",0
"Your PhonePe payment of Rs. 1200 to BigBasket is successful. Order ID: BB20260601. Delivery by tomorrow evening.",0
"Dear Customer, Your Flipkart order #FK1234567890 has been shipped. Expected delivery: 05/06/2026. Track at flipkart.com.",0
"Your Swiggy order from Dominos is confirmed. Estimated delivery: 35 minutes. Track your order in the Swiggy app.",0
"Dear Student, Your result for semester 5 has been published. Check at university.ac.in/results using your roll number.",0
"Your Ola ride from Hitech City to Airport is confirmed. Driver: Raju, KA01AB1234. OTP: 4521. Fare: Rs. 350.",0
"Dear Customer, Your HDFC credit card bill of Rs. 8500 is due on 10/06/2026. Pay at hdfcbank.com to avoid interest.",0
"Your Zomato order from Biryani House is on the way. Arriving in 20 minutes. Rate your experience after delivery.",0
"Dear Applicant, Your application for the post of Junior Engineer has been received. Admit card will be sent by email.",0
"Your Jio recharge of Rs. 239 is successful. Validity 28 days. 1.5GB data per day. Activated on 01/06/2026.",0
"Dear Customer, Your LPG cylinder booking is confirmed. Delivery expected between 03/06/2026 and 05/06/2026.",0
"Your PAN card application status: Under process. Expected delivery in 15 working days at your registered address.",0
"Dear User, Your DigiLocker account has a new document added: Driving Licence. View at digilocker.gov.in.",0
"Your BESCOM electricity bill of Rs. 1240 for May 2026 is due on 20/06/2026. Pay online at bescom.org.",0
"Dear Customer, Your FASTag account is low on balance Rs. 50. Recharge now at netc.in to avoid toll deduction issues.",0
"Your Myntra order #MYN987654 is out for delivery today. Delivery by 8pm. Someone must be available to receive it.",0
"Dear Student, Attendance for June 2026 has been updated. Your attendance is 85 percent. View at college portal.",0
"Your CIBIL score has improved to 750. Check your full credit report at cibil.com for free once a year.",0
"Dear Customer, Your mutual fund SIP of Rs. 2000 has been processed successfully for June 2026. Groww App.",0
"Your Aadhaar update request has been received. Reference number: 1234567890. Changes will reflect in 30 days.",0
"Dear Sir/Madam, Your EPF passbook for 2025-26 is updated. Check your balance at unifiedportal-mem.epfindia.gov.in.",0
"Your Amazon India order #402-1234567-8901234 is delivered. If you have issues contact Amazon customer support.",0
"Dear Customer, Your ICICI Bank FD of Rs. 50000 has matured. Amount credited to your savings account XX1234.",0
"Your train 12628 has departed from Hyderabad at 06:30. Expected arrival at Chennai Central at 14:45. Have a safe journey.",0
"Dear Customer, Your SBI YONO app is blocked. Unblock now at http://yono-sbi-unlock.tk/verify or lose access forever.",1
"URGENT: Your Aadhaar card will be cancelled in 48 hours. Update biometrics at http://uidai-biometric.xyz/update",1
"You have won Rs. 25 lakhs in KBC lucky draw. Send your Aadhaar number and bank details to kbc-winner@gmail.com",1
"Dear User, Income Tax Department has filed a case against your PAN card. Pay Rs. 2000 fine: http://it-dept-fine.gq",1
"Your Vodafone SIM will be deactivated tonight. Complete KYC at http://vodafone-kyc.tk/update to keep your number.",1
"Dear Customer, Your PhonePe UPI is blocked due to fraud. Verify at http://phonepe-verify.xyz/upi immediately.",1
"Congratulations! You are selected for PM Awas Yojana free house. Submit Aadhaar and bank details to claim.",1
"ALERT: Your Demat account shows unauthorized transaction of Rs. 45000. Block now: http://zerodha-block.tk/account",1
"Dear User, Your Google Pay limit is exceeded. Increase limit by verifying: http://gpay-limit.xyz/increase",1
"Your Ola Money wallet will expire tomorrow. Withdraw Rs. 5000 by entering card details: http://ola-money.gq",1
"Dear Customer, TRAI is deactivating your mobile number due to illegal use. Call 9988776655 to stop deactivation.",1
"You have a pending income tax refund of Rs. 8400. Claim at http://it-refund-claim.xyz/pan with your PAN details.",1
"FINAL WARNING: Your BSNL broadband will be disconnected in 2 hours. Pay Rs. 199 at http://bsnl-pay.tk/bill",1
"Dear Sir, Your name is selected in DV lottery USA green card program. Pay processing fee at http://dv-lottery.gq",1
"Your Bajaj Finance EMI payment failed. Pay immediately at http://bajaj-emi.xyz/pay or face legal action and penalty.",1
"Dear Customer, Your Policybazaar insurance policy is expired. Renew now at http://policy-renew.tk to stay covered.",1
"ALERT: Suspicious login to your Zerodha account from Pakistan. Block access: http://zerodha-secure.xyz/login",1
"Your EPFO account shows wrong bank details. Update now at http://epfo-update.gq/bank to receive your PF amount.",1
"Dear User, Your Phonepe cashback of Rs. 2000 is pending. Claim by entering UPI PIN at http://phonepe-cashback.tk",1
"Congratulations! Your mobile number won Rs. 10 lakhs in Airtel anniversary lucky draw. Call 9876543210 to claim.",1
"URGENT: CBI has registered case against your Aadhaar number for money laundering. Call 1800-CBI-HELP immediately.",1
"Your IRCTC account password was changed from Delhi. If not you verify at http://irctc-secure.xyz/account now.",1
"Dear Customer, Your Swiggy One membership is expiring. Renew at http://swiggy-renew.tk/membership for free delivery.",1
"Your Paytm bank account is temporarily frozen. Unfreeze at http://paytm-unfreeze.xyz/verify with your PIN.",1
"NOTICE: Your driving licence has expired. Renew online at http://rto-renew.tk/licence to avoid Rs. 5000 fine.",1
"Dear User, Your Myntra account has a Rs. 1000 reward pending. Claim by entering card details at http://myntra-reward.gq",1
"Your Amazon Pay balance of Rs. 750 will expire in 24 hours. Withdraw to bank at http://amazonpay-withdraw.tk",1
"ALERT: Your mutual fund account at Groww shows loss of Rs. 25000. Recover now: http://groww-recover.xyz/funds",1
"Dear Customer, Your Reliance Jio fiber connection will be cut tonight due to unpaid bill. Pay: http://jio-fiber-pay.tk",1
"Your HDFC bank credit card is blocked due to suspicious transaction. Unblock: http://hdfc-unblock.xyz/card",1
"Congratulations! You won free iPhone 15 in Flipkart Big Billion Days. Claim at http://flipkart-iphone.gq/prize",1
"URGENT: Your EPF withdrawal of Rs. 80000 is rejected due to wrong KYC. Fix at http://epf-kyc-fix.tk/update",1
"Dear User, Your Aadhaar OTP verification is pending. Share OTP 847291 with our agent to complete verification.",1
"Your CIBIL report shows fraud activity. Clean your record now at http://cibil-clean.xyz/repair for Rs. 299 only.",1
"NOTICE from Cyber Crime Cell: Your IP address used for illegal downloading. Pay Rs. 3000 fine: http://cybercrime-fine.gq",1
"Dear Customer, Your Navi loan application is approved for Rs. 5 lakhs. Accept now at http://navi-loan.tk/accept",1
"Your FASTag is blacklisted. Remove blacklist at http://fastag-remove.xyz/blacklist by paying Rs. 100 charges.",1
"ALERT: Your DigiLocker account is accessed from unknown device. Secure now: http://digilocker-secure.tk/verify",1
"Dear User, Your Meesho seller account is suspended. Reactivate at http://meesho-reactivate.xyz/seller urgently.",1
"Your electricity meter will be replaced tomorrow between 10am-12pm. Confirm your address: http://bescom-confirm.tk",1
"URGENT: Rs. 49999 deducted from your account. If unauthorized click here to reverse: http://bank-reverse.gq/txn",1
"Dear Customer, Your ICICI bank account KYC is expired. Update at http://icici-kyc.xyz/update to avoid account freeze.",1
"You have been selected for free Ayushman Bharat health card. Register now at http://ayushman-free.tk/register",1
"Your Zomato Pro membership renewal failed. Update payment at http://zomato-pay.xyz/renew to keep benefits.",1
"NOTICE: Your passport application is rejected due to missing documents. Pay Rs. 500 at http://passport-fee.gq",1
"Dear User, Your Uber account is blocked due to complaint. Appeal now at http://uber-appeal.tk/account immediately.",1
"Your BSNL landline will be disconnected in 2 hours due to unpaid bill of Rs. 450. Pay: http://bsnl-landline.xyz",1
"Congratulations! Your phone number is selected for free 5G upgrade by Airtel. Claim: http://airtel-5g-free.tk",1
"ALERT: Your LIC policy premium payment failed. Pay now at http://lic-pay.xyz/premium to avoid policy lapse.",1
"Dear Customer, Your Kotak bank account will be closed in 24 hours due to inactivity. Activate: http://kotak-activate.gq",1
"Dear Team, Please find attached the minutes of meeting from yesterday's project discussion. Let me know if any corrections are needed.",0
"Hi, Your appointment at Apollo Hospital is confirmed for 05/06/2026 at 11am with Dr. Sharma. Please carry your reports.",0
"Dear Student, Your scholarship amount of Rs. 12000 for the academic year 2025-26 has been credited to your account.",0
"Your Swiggy order from McDonald's is confirmed. Preparing your food. Estimated delivery time is 30 minutes.",0
"Dear Employee, Your salary for May 2026 has been credited to your account. Payslip is available on the HR portal.",0
"Hi, This is a reminder that your car insurance policy renews on 15/06/2026. Login to policybazaar.com to renew.",0
"Dear Customer, Your Zerodha account statement for May 2026 is ready. Download from console.zerodha.com/reports.",0
"Your Rapido bike ride from Ameerpet to Madhapur is confirmed. Pilot: Kumar, TS09EF5678. OTP: 7834. Fare: Rs. 45.",0
"Dear Sir, Your property tax for the year 2026-27 has been assessed at Rs. 4500. Pay at ghmc.gov.in by 30/06/2026.",0
"Hi Team, The office will remain closed on 15/06/2026 for Eid holiday. Work from home is permitted on that day.",0
"Your NSDL PAN card application status is approved. Physical card will be delivered within 15 working days.",0
"Dear Customer, Your SIP investment of Rs. 5000 in HDFC Top 100 Fund is processed for June 2026. Groww.",0
"Hi, Your driving test is scheduled for 08/06/2026 at 9am at RTO Kukatpally. Carry your learner licence and ID proof.",0
"Your Dominos pizza order #DOM123456 is out for delivery. Expected arrival in 15 minutes. Enjoy your meal!",0
"Dear Candidate, Your written test result for Group 4 exam is declared. Check at tspsc.gov.in with your hall ticket.",0
"Hi, Please submit your investment proofs for tax saving by 30/06/2026 to HR for Form 16 processing. TCS HR Team.",0
"Your BookMyShow booking for RRR movie on 05/06/2026 at PVR Hyderabad is confirmed. Seats: F4, F5. Enjoy the show!",0
"Dear Customer, Your Bajaj Finserv EMI of Rs. 3500 for June 2026 has been successfully deducted from your account.",0
"Hi, Your Practo appointment with Dr. Reddy at Care Hospital on 07/06/2026 at 3pm is confirmed. Carry your reports.",0
"Your Amazon Fresh grocery order will be delivered today between 2pm and 4pm. Order total: Rs. 850.",0
"Dear Student, Your fee receipt for semester 6 is generated. Download from the college ERP portal using your ID.",0
"Hi, The water supply in your area will be suspended on 06/06/2026 from 8am to 5pm for pipeline maintenance work.",0
"Your HDFC home loan EMI of Rs. 22000 for June 2026 has been auto debited successfully from your savings account.",0
"Dear Customer, Your Tata Sky DTH recharge of Rs. 399 is successful. Pack activated for next 30 days. Enjoy viewing.",0
"Hi, Your leave application for 10/06/2026 has been approved by your manager. Have a good day off.",0
"Your Meesho order #MS9876543 has been shipped. Expected delivery between 07/06/2026 and 09/06/2026.",0
"Dear User, Your DigiLocker driving licence is updated with new expiry date 2036. Download from digilocker.gov.in.",0
"Hi, Reminder that the quarterly performance review is scheduled for next Monday at 2pm in Conference Room 3.",0
"Your Nykaa order #NYK456789 has been delivered. Hope you love your products. Rate your experience on the app.",0
"Dear Customer, Your SBI life insurance premium of Rs. 8000 has been received for policy number 1234567890.",0
"Hi, Your college bus pass has been renewed for June-July 2026. Collect it from the transport office by Friday.",0
"Your Hotstar subscription has been renewed for Rs. 899 for one year. Enjoy unlimited movies and cricket matches.",0
"Dear Applicant, Your application for GATE 2027 is successfully submitted. Application number: GE27HY1234567.",0
"Hi, The seminar on Artificial Intelligence is scheduled for 10/06/2026 at 10am in the main auditorium. All welcome.",0
"Your Uber Eats order from Subway is confirmed. Your food will arrive in 25 minutes. Track in the Uber Eats app.",0
"Dear Customer, Your NSC maturity amount of Rs. 75000 has been credited to your post office savings account.",0
"Hi, Your blood test reports from Thyrocare are ready. Download from thyrocare.com using your registered mobile number.",0
"Your IndiGo flight 6E-234 from Hyderabad to Mumbai on 10/06/2026 is confirmed. Check in opens 48 hours before.",0
"Dear Employee, Your bonus for FY 2025-26 has been processed. It will reflect in your June 2026 salary. Congratulations!",0
"Hi, Your Chegg subscription has been renewed for Rs. 530 per month. Access all study materials at chegg.com.",0
"Your Dunzo delivery order is out for delivery. Our delivery partner will arrive in 10 minutes at your location.",0
"Dear Student, Your internship offer letter from Infosys is attached. Report on 01/07/2026 at 9am to the Hyderabad office.",0
"Hi, The water bill for flat 304 for May 2026 is Rs. 350. Pay at the society office by 10/06/2026. Secretary.",0
"Your MakeMyTrip hotel booking at Taj Krishna Hyderabad from 15/06/2026 to 17/06/2026 is confirmed. Enjoy your stay.",0
"Dear Customer, Your Demat account at Zerodha has been successfully opened. Login at zerodha.com with your credentials.",0
"Hi, Your assignment submission deadline for Machine Learning course is 08/06/2026 at 11:59pm. Submit on the portal.",0
"Your Reliance Smart grocery order has been delivered. Thank you for shopping with us. See you again soon.",0
"Dear User, Your UMANG app profile is successfully updated with your latest Aadhaar details. No further action needed.",0
"Hi, Team lunch is organized on Friday at Hotel Minerva at 1pm. Please confirm your attendance by Thursday evening.",0
"Your Navi health insurance claim of Rs. 15000 for hospitalization has been approved and will be credited in 3 days.",0
"Your SBI account XX1234 is debited Rs. 15000 via UPI on 01/06/2026. If not done by you call 18001234.",0
"Hi, Your appointment at Apollo Hospital is confirmed for 05/06/2026 at 11am with Dr. Sharma.",0
"Dear Student, Your scholarship amount of Rs. 12000 for 2025-26 has been credited to your account.",0
"Your Swiggy order from McDonald's is confirmed. Preparing your food. Estimated delivery 30 minutes.",0
"Dear Employee, Your salary for May 2026 has been credited. Payslip available on the HR portal.",0
"Your Zerodha account statement for May 2026 is ready. Download from console.zerodha.com.",0
"Your Rapido bike ride from Ameerpet to Madhapur is confirmed. Pilot Kumar. OTP 7834. Fare Rs. 45.",0
"Dear Sir, Your property tax for 2026-27 is assessed at Rs. 4500. Pay at ghmc.gov.in by 30/06/2026.",0
"Your NSDL PAN card application is approved. Physical card will be delivered within 15 working days.",0
"Dear Customer, Your SIP of Rs. 5000 in HDFC Top 100 Fund is processed for June 2026.",0
"Your driving test is scheduled for 08/06/2026 at 9am at RTO Kukatpally. Carry your learner licence.",0
"Your Dominos pizza order is out for delivery. Expected arrival in 15 minutes. Enjoy your meal!",0
"Dear Candidate, Your written test result for Group 4 exam is declared. Check at tspsc.gov.in.",0
"Your BookMyShow booking for movie on 05/06/2026 at PVR Hyderabad is confirmed. Seats F4 F5.",0
"Dear Customer, Your Bajaj Finserv EMI of Rs. 3500 for June 2026 has been successfully deducted.",0
"Your Practo appointment with Dr. Reddy at Care Hospital on 07/06/2026 at 3pm is confirmed.",0
"Your Amazon Fresh grocery order will be delivered today between 2pm and 4pm. Order total Rs. 850.",0
"Dear Student, Your fee receipt for semester 6 is generated. Download from the college ERP portal.",0
"Your HDFC home loan EMI of Rs. 22000 for June 2026 has been auto debited from your savings account.",0
"Dear Customer, Your Tata Sky DTH recharge of Rs. 399 is successful. Pack activated for 30 days.",0
"Your leave application for 10/06/2026 has been approved by your manager. Have a good day off.",0
"Your Meesho order has been shipped. Expected delivery between 07/06/2026 and 09/06/2026.",0
"Dear User, Your DigiLocker driving licence is updated with new expiry date 2036.",0
"Your Nykaa order has been delivered. Hope you love your products. Rate your experience on the app.",0
"Dear Customer, Your SBI life insurance premium of Rs. 8000 has been received for policy 1234567890.",0
"Your Hotstar subscription has been renewed for Rs. 899 for one year. Enjoy unlimited movies.",0
"Dear Applicant, Your GATE 2027 application is successfully submitted. Application number GE27HY1234567.",0
"Your Uber Eats order from Subway is confirmed. Your food will arrive in 25 minutes.",0
"Dear Customer, Your NSC maturity amount of Rs. 75000 has been credited to your post office account.",0
"Your IndiGo flight 6E-234 from Hyderabad to Mumbai on 10/06/2026 is confirmed.",0
"Dear Employee, Your bonus for FY 2025-26 has been processed. It will reflect in June 2026 salary.",0
"Your Dunzo delivery order is out for delivery. Our partner will arrive in 10 minutes.",0
"Dear Student, Your internship offer from Infosys is attached. Report on 01/07/2026 at Hyderabad office.",0
"Your MakeMyTrip hotel booking at Taj Krishna Hyderabad from 15/06/2026 to 17/06/2026 is confirmed.",0
"Dear Customer, Your Demat account at Zerodha has been successfully opened. Login at zerodha.com.",0
"Your Reliance Smart grocery order has been delivered. Thank you for shopping with us.",0
"Dear User, Your UMANG app profile is successfully updated with your latest Aadhaar details.",0
"Your Navi health insurance claim of Rs. 15000 for hospitalization has been approved.",0
"Dear Customer, Your Canara Bank account XX3456 is credited with Rs. 8000 on 01/06/2026.",0
"Your Vodafone postpaid bill of Rs. 599 for May 2026 is generated. Pay at vodafone.in by 20/06/2026.",0
"Your EPFO annual statement for 2025-26 shows total balance Rs. 1,25,000. Check at epfindia.gov.in.",0
"Dear Customer, Your Angel One Demat account statement for May 2026 is ready. Download at angelone.in.",0
"Your PM Kisan installment of Rs. 2000 for June 2026 is credited to your registered bank account.",0
"Your GST return for May 2026 is filed successfully. ARN AA123456789012. Keep for your records.",0
"Dear Customer, Your SBI account XX1234 is credited with Rs. 800.00 via SB Collect. Ref DUP4573938.",0
"Dear Sir/Madam, Payment of Rs. 1500 received towards college fee via SBI Collect. ID DUP1234567.",0
"Your GPay transaction of Rs. 200 to Swiggy is successful. UPI Ref 304958271234. Date 01/06/2026.",0
"Dear Customer, Your Jio recharge of Rs. 349 is successful. Validity 28 days. Data 2GB per day.",0
"Your PhonePe payment of Rs. 1200 to BigBasket is successful. Delivery by tomorrow evening.",0
"Dear Customer, Your HDFC credit card bill of Rs. 8500 is due on 10/06/2026. Pay at hdfcbank.com.",0
"Your society maintenance bill for June 2026 is Rs. 2500. Pay by 10/06/2026 at society office.",0
"Dear Customer, Your Canara Bank locker rent of Rs. 2000 for 2026-27 is due. Pay at the branch.",0
"Your Myntra return pickup is scheduled for tomorrow between 10am and 12pm. Keep item packed.",0
"Your IRCTC waiting list ticket for train 12723 Telangana Express is confirmed. Status CNF B2 45.",0
"Dear Customer, Your post office savings account passbook is updated. Balance Rs. 45000.",0
"Your Maruti car is ready after servicing. Total cost Rs. 4200. Pickup from Maruti Service Center.",0
"Dear Applicant, Your RRB NTPC application is submitted. Application ID RRB26HY123456.",0
"Your Tata AIG car insurance policy is renewed. Policy TA2026123456. Premium paid Rs. 8500.",0
"Your Zomato Gold membership is activated. Enjoy 1 plus 1 on food at partner restaurants.",0
"Dear Customer, Your Sundaram Mutual Fund SIP of Rs. 3000 for June 2026 is processed.",0
"Your boAt earphones order from Croma is confirmed. Delivery within 3 working days.",0
"Dear Student, Your post matric scholarship 2025-26 is approved. Amount Rs. 10000 will be credited.",0
"Dear Customer, Your Vijaya Bank account is migrated to Bank of Baroda. All services continue.",0
"Your Apollo Pharmacy order is ready for delivery. Medicines will reach you in 2 hours.",0
"Dear Candidate, Your IBPS PO 2026 result is declared. Check at ibps.in with your registration number.",0
"Your Cult.fit gym membership is renewed for 3 months for Rs. 2999. All classes available.",0
"Dear Customer, Your TSRTC bus pass for June-July 2026 is ready. Collect from nearest TSRTC depot.",0
"Your Myntra order is delivered. Raise a return request within 30 days if any issues.",0
"Dear Customer, Your IDFC First Bank account is opened. Welcome kit delivered in 7 working days.",0
"Your OYO rooms booking at Hotel Pearl Hyderabad from 10/06/2026 to 12/06/2026 is confirmed.",0
"Dear Customer, Your Bandhan Bank RD maturity amount of Rs. 36000 is credited to your account.",0
"Your SpiceJet flight booking from Chennai to Delhi on 14/06/2026 is confirmed. Check in at spicejet.com.",0
"Dear Employee, Your PF account statement for 2025-26 is available at epfindia.gov.in.",0
"Your Star Health insurance cashless claim at Apollo Hospital is approved up to Rs. 5 lakhs.",0
"Dear Student, Your Telangana State Board result for Class 10 is declared. Check at bse.telangana.gov.in.",0
"Your IndusInd Bank FD interest of Rs. 3500 is credited to your savings account for Q1 2026.",0
"Dear User, Your Voter ID card is successfully updated with new address at voters.eci.gov.in.",0
"Your Testbook mock test result for SSC MTS is available. You scored 145 out of 200.",0
"Dear Customer, Your Post Office RD installment of Rs. 1000 for June 2026 is received.",0
"Your Bigbasket order of Rs. 1250 is out for delivery. Arriving between 2pm and 4pm.",0
"Dear Customer, Your Axis Bank home loan EMI of Rs. 18500 is debited on 01/06/2026.",0
"Your Blinkit order of groceries is being packed. Delivery in 10 minutes to your address.",0
"Dear Customer, Your Reliance Jio fiber bill of Rs. 999 for June 2026 is generated.",0
"Your Pharmeasy medicine order is dispatched. Expected delivery tomorrow by 6pm.",0
"Your Flipkart Plus membership is renewed for Rs. 999. You have 300 SuperCoins credited.",0
"Dear Student, Your CBSE class 12 mark sheet is available on digilocker.gov.in.",0
"Your Urban Company home cleaning service is confirmed for 07/06/2026 at 10am.",0
"Dear Customer, Your Axis Bank credit card minimum payment of Rs. 500 is due on 15/06/2026.",0
"Your MG Hector car service appointment is confirmed for 08/06/2026 at Hyderabad service center.",0
"Your EAMCET 2026 rank card is available at tsche.ac.in. Rank 4521. Counselling starts 20/06/2026.",0
"Dear Customer, Your Union Bank account statement for May 2026 is ready at unionbankofindia.com.",0
"Your IndiaMart buyer inquiry has received 5 responses from verified sellers. Check at indiamart.com.",0
"Dear Customer, Your Yes Bank FD of Rs. 100000 is created for 1 year at 7.5 percent interest.",0
"Your income tax return for AY 2026-27 has been filed. Acknowledgement 123456789012345.",0
"Your Airbnb booking at Goa Beach Villa from 20/06/2026 to 25/06/2026 is confirmed.",0
"Dear Customer, Your Kotak 811 account is successfully opened. Account number 1234567890.",0
"Your Cleartrip flight booking from Delhi to Hyderabad on 12/06/2026 is confirmed.",0
"URGENT: Your SBI account is blocked. Verify at http://sbi-verify-now.tk/login or lose access forever.",1
"Dear Customer, Your Aadhaar is suspended due to suspicious activity. Reactivate: http://uidai-fix.gq",1
"Your PAN card is deactivated. Pay Rs. 999 fine at http://pan-restore.xyz or face income tax penalty.",1
"ALERT: Unauthorized login to your HDFC account from China. Block now: http://hdfc-block.tk/secure",1
"Congratulations! You won Rs. 75000 in IRCTC lucky draw. Claim at http://irctc-prize.gq/winner",1
"Your Flipkart order is cancelled and Rs. 2999 refund pending. Claim: http://flipkart-refund.tk/now",1
"URGENT: Your Vodafone SIM used for illegal calls. Pay Rs. 1500 fine: http://vodafone-fine.xyz/pay",1
"Dear User, Your EPF amount of Rs. 90000 is ready for withdrawal. Claim: http://epf-claim.gq/now",1
"Your CIBIL score dropped to 200. Repair now for Rs. 499 at http://cibil-repair.tk/score today.",1
"NOTICE: Your electricity will be cut in 2 hours. Pay pending bill at http://electricity-pay.xyz",1
"Your Paytm account is hacked. Secure it now at http://paytm-secure.gq/verify with your PIN.",1
"Congratulations! PM Modi scheme gives free Rs. 50000 to selected families. Register: http://pm-scheme.tk",1
"ALERT: Your Aadhaar linked to 3 criminal cases. Call CBI at 9988776655 immediately to clear name.",1
"Your Amazon account is suspended due to fake reviews. Appeal: http://amazon-appeal.xyz/account",1
"URGENT: Your GPay is blocked due to 5 failed attempts. Unblock: http://gpay-unblock.tk/verify",1
"Dear Customer, Your LIC policy will lapse tomorrow. Renew at http://lic-renew.xyz/policy urgently.",1
"Your IRCTC account shows unauthorized booking of Rs. 4500. Cancel: http://irctc-cancel.gq/booking",1
"NOTICE: Your driving licence is fake. Pay Rs. 2000 fine at http://rto-fine.tk/dl or face arrest.",1
"Congratulations! Your number won free Jio 5G connection. Register: http://jio-5g-free.gq/apply",1
"Your Zerodha account shows Rs. 1 lakh unauthorized trade. Stop it: http://zerodha-stop.xyz/trade",1
"ALERT: Your DigiLocker is hacked. Secure documents now: http://digilocker-secure.gq/protect",1
"Dear User, Your Swiggy account shows 50 fake orders. Dispute: http://swiggy-dispute.tk/orders",1
"Your FASTag shows wrong vehicle linked. Fix at http://fastag-fix.xyz/vehicle or pay double toll.",1
"URGENT: Your Meesho seller account has fraudulent returns. Fix: http://meesho-fix.gq/returns",1
"Congratulations! You are selected for free government laptop. Apply: http://laptop-scheme.tk/apply",1
"Your BSNL broadband shows illegal downloads. Pay Rs. 5000 penalty: http://bsnl-penalty.xyz/pay",1
"Dear Customer, Your Bajaj Finance loan is overdue. Pay now: http://bajaj-pay.tk/loan or face court.",1
"ALERT: Your NPS account shows wrong nominee. Fix now: http://nps-fix.gq/nominee before retirement.",1
"Your Groww account shows suspicious SIP cancellation of Rs. 20000. Stop: http://groww-stop.tk/sip",1
"URGENT: Your passport is about to be cancelled. Renew at http://passport-renew.xyz/urgent today.",1
"Your PhonePe merchant account shows fake transactions. Verify: http://phonepe-verify.gq/merchant",1
"Congratulations! Your electricity bill refund of Rs. 3000 is approved. Claim: http://eb-refund.tk",1
"Dear Customer, CRED shows unauthorized redemption of your coins. Dispute: http://cred-dispute.xyz",1
"Your UPI shows suspicious outgoing transfer of Rs. 25000. Block: http://upi-block.gq/transfer now.",1
"NOTICE: Your Ola driver filed complaint against you. Pay Rs. 500 or: http://ola-complaint.tk/pay",1
"Your Kotak credit card cloned. Block immediately at http://kotak-block.xyz/card before more charges.",1
"Dear User, Your Myntra account shows unauthorized returns worth Rs. 8000. Fix: http://myntra-fix.gq",1
"URGENT: Your Airtel number will be permanently deleted in 12 hours. Renew: http://airtel-renew.tk",1
"Your Post Office account shows unauthorized withdrawal. Dispute: http://postoffice-dispute.xyz/now",1
"Congratulations! You won free washing machine in Big Bazaar lucky draw. Claim: http://bb-prize.gq",1
"Your EPFO passbook shows wrong employer contribution. Fix: http://epfo-fix.tk/contribution urgently.",1
"ALERT: Your income tax return shows discrepancy. Pay Rs. 3000 penalty: http://itr-penalty.xyz/pay",1
"Dear Customer, Your Nykaa order shows unauthorized purchase of Rs. 5000. Dispute: http://nykaa-fix.gq",1
"Your BookMyShow account shows unauthorized ticket booking. Cancel: http://bms-cancel.tk/booking now.",1
"URGENT: Your vehicle RC is expired. Renew at http://rc-renew.xyz/vehicle or pay heavy fine today.",1
"Your ICICI Lombard claim is rejected. Appeal with Rs. 200 fee at http://icici-appeal.gq/claim now.",1
"Congratulations! You won free refrigerator in Flipkart sale. Claim: http://flipkart-prize.tk/fridge",1
"ALERT: Your CRED score dropped. Improve it now at http://cred-improve.xyz/score for Rs. 299 only.",1
"Your Zomato delivery partner is blacklisted. Rate him now at http://zomato-report.gq/driver urgently.",1
"Dear Customer, Your SBI account XX1234 is debited Rs. 15000 via UPI on 01/06/2026. If not done by you call 18001234.",0
"Hi, Your Aadhaar card is successfully linked with your PAN card. No further action required. Income Tax Department.",0
"Dear Student, Your admit card for UPSC Prelims 2026 is available at upsc.gov.in. Download before 10/06/2026.",0
"Your Cleartrip flight booking from Delhi to Hyderabad on 12/06/2026 is confirmed. Booking ID: CT123456789.",0
"Dear Customer, Your Kotak 811 account is successfully opened. Your account number is 1234567890. Welcome aboard.",0
"Hi, Your Byju's subscription for Class 10 is renewed for Rs. 2500 for 3 months. Access at byjus.com.",0
"Your HDFC Bank account XX5678 is credited with Rs. 50000 via NEFT on 01/06/2026. Transaction ID: HDFC20260601.",0
"Dear Applicant, Your SSC CGL 2026 application is submitted. Roll number will be sent 15 days before exam date.",0
"Hi, Your Ola Electric scooter service appointment is confirmed for 07/06/2026 at Ola service center Hyderabad.",0
"Your Noon Academy live class for Physics is scheduled for today at 5pm. Join using your registered mobile number.",0
"Dear Customer, Your Yes Bank FD of Rs. 100000 is created for 1 year at 7.5% interest. Maturity date: 01/06/2027.",0
"Hi, Your income tax return for AY 2026-27 has been filed successfully. Acknowledgement number: 123456789012345.",0
"Your Lenskart order #LK789456 has been shipped. Your new glasses will arrive by 08/06/2026 at your address.",0
"Dear Employee, Your PF account statement for 2025-26 is available at epfindia.gov.in. Check your balance online.",0
"Hi, The electricity board will conduct maintenance in your area on 07/06/2026 from 9am to 1pm. Plan accordingly.",0
"Your Airbnb booking at Goa Beach Villa from 20/06/2026 to 25/06/2026 is confirmed. Host will contact you soon.",0
"Dear Customer, Your Axis Bank credit card XX9012 minimum payment of Rs. 500 is due on 15/06/2026. Pay at axisbank.com.",0
"Hi, Your Udemy course Python for Beginners is purchased for Rs. 499. Access at udemy.com with your account.",0
"Your Porter mini truck booking from Kondapur to Gachibowli is confirmed. Driver will arrive at 10am tomorrow.",0
"Dear Student, Your CBSE class 12 mark sheet is available on digilocker.gov.in. Download and keep for records.",0
"Your Tata Neu app order for electronics is confirmed. Order ID: TN123456. Delivery by 06/06/2026.",0
"Dear Customer, Your Axis Bank home loan EMI of Rs. 18500 is debited on 01/06/2026. Outstanding balance updated.",0
"Hi, Your appointment with Dr. Mehta at Yashoda Hospital is confirmed for 09/06/2026 at 2pm. Ward B, Room 12.",0
"Your Blinkit order of groceries is being packed. Delivery in 10 minutes to your registered address.",0
"Dear User, Your Aadhaar address update request is approved. New address will reflect in 7 working days. UIDAI.",0
"Hi, Your Coursera certificate for Machine Learning by Andrew Ng is ready. Download from coursera.org/certificates.",0
"Your MG Hector car service appointment is confirmed for 08/06/2026 at MG service center Hyderabad at 9am.",0
"Dear Customer, Your Reliance Jio fiber bill of Rs. 999 for June 2026 is generated. Pay at jio.com by 15/06/2026.",0
"Hi, Your application for ECIL recruitment 2026 is received. Hall ticket will be sent to registered email address.",0
"Your Pharmeasy medicine order #PE456789 is dispatched. Expected delivery tomorrow by 6pm at your doorstep.",0
"Dear Customer, Your Union Bank account statement for May 2026 is ready. View at unionbankofindia.com online portal.",0
"Hi, Your Star Health insurance cashless claim at Apollo Hospital is approved. Coverage up to Rs. 5 lakhs.",0
"Your Flipkart Plus membership is renewed for Rs. 999 per year. You now have 300 SuperCoins credited to account.",0
"Dear Student, Your Telangana State Board result for Class 10 is declared. Check at bse.telangana.gov.in.",0
"Hi, Your Maruti Suzuki car insurance renewal is due on 30/06/2026. Renew at newindia.co.in for best premium.",0
"Your Grofers order has been delivered at your doorstep. Rate your delivery experience in the app. Thank you.",0
"Dear Customer, Your IndusInd Bank FD interest of Rs. 3500 is credited to your savings account for Q1 2026.",0
"Hi, Your SpiceJet flight booking from Chennai to Delhi on 14/06/2026 is confirmed. Check in at spicejet.com.",0
"Your Urban Company home cleaning service is confirmed for 07/06/2026 at 10am. Professional will arrive on time.",0
"Dear User, Your Voter ID card is successfully updated with new address. Download from voters.eci.gov.in portal.",0
"Hi, Your Testbook mock test result for SSC MTS is available. You scored 145 out of 200. Check detailed analysis.",0
"Your Naukri.com profile has been viewed by 15 recruiters this week. Update your resume for better visibility.",0
"Dear Customer, Your Post Office RD installment of Rs. 1000 for June 2026 is received. Running balance updated.",0
"Hi, Your GATE 2026 scorecard is available for download at gate.iitb.ac.in. Valid for 3 years from date of result.",0
"Your Bigbasket order of Rs. 1250 is out for delivery. Arriving between 2pm and 4pm at your registered address.",0
"Dear Employee, Your Form 16 for FY 2025-26 is available on the payroll portal. Download for ITR filing.",0
"Hi, Your Unacademy Plus subscription is renewed for 6 months. Access all live classes and test series now.",0
"Your Ather electric scooter is booked. Delivery expected within 30 days. Booking amount of Rs. 5000 received.",0
"Dear Customer, Your Indian Bank account is successfully KYC updated. No further action required. Thank you.",0
"Hi, Your NPS contribution of Rs. 5000 for June 2026 is processed. Check statement at cra-nsdl.com.",0
"Dear Customer, Your account will be suspended click here to verify: http://sbi-fake-verify.tk/login urgent action needed.",1
"ALERT Your Aadhaar is used for SIM fraud in Delhi call 9988112233 immediately or face arrest by cyber police.",1
"You won Rs. 1 crore in PM Modi relief fund lottery send Aadhaar PAN and bank details to claim your prize today.",1
"Your UPI ID is compromised someone transferred Rs. 50000 block it now at http://upi-block.xyz/emergency immediately.",1
"Dear Customer your Flipkart account is hacked change password at http://flipkart-secure.gq/reset within 1 hour.",1
"TRAI notice your mobile number generates spam calls will be blocked in 24 hours call 9876001234 to stop this.",1
"Your PF withdrawal of Rs. 200000 is initiated without your consent cancel at http://epfo-cancel.tk/withdraw now.",1
"Congratulations you are selected for free laptop scheme by government register at http://gov-laptop.gq/apply today.",1
"Dear User your Zerodha account shows suspicious trading activity of Rs. 75000 verify at http://zerodha-verify.xyz",1
"URGENT Income Tax raid on your property scheduled tomorrow pay Rs. 5000 settlement at http://it-settle.tk/pay",1
"Your Amazon account is permanently banned appeal now at http://amazon-appeal.xyz/unban with your card details.",1
"Dear Customer Paytm is closing your wallet permanently withdraw Rs. 5000 at http://paytm-withdraw.gq/now urgent.",1
"Free government job guarantee scheme register with Aadhaar and pay Rs. 500 registration at http://gov-job.tk",1
"Your SBI YONO app is hacked someone changed your MPIN reset at http://yono-reset.xyz/mpin within 30 minutes.",1
"Congratulations your electricity bill is zero this month claim refund of Rs. 2400 at http://electricity-refund.tk",1
"NOTICE Cyber Crime Police found your IP in illegal activity pay Rs. 10000 fine at http://cyberfine-pay.gq/now",1
"Your Groww mutual fund account shows unauthorized redemption of Rs. 30000 stop it at http://groww-stop.xyz/redeem",1
"Dear User your Ola account has fraudulent rides worth Rs. 1500 dispute at http://ola-dispute.tk/rides now.",1
"Free PMAY home loan approved for you submit documents at http://pmay-loan.gq/apply to get Rs. 2.5 lakh subsidy.",1
"Your HDFC credit card is cloned someone using it in Mumbai block at http://hdfc-block.xyz/card immediately.",1
"Dear Customer your Policybazaar claim of Rs. 50000 is rejected appeal at http://policy-appeal.tk/claim urgently.",1
"ALERT your Driving Licence is suspended for 6 months pay Rs. 1000 fine at http://rto-fine.xyz/dl to restore.",1
"Your Navi app loan EMI of Rs. 5000 is overdue pay now at http://navi-pay.gq/emi to avoid legal notice and CIBIL hit.",1
"Congratulations Indian Railway is giving free train pass to selected users register at http://irctc-pass.tk/free",1
"Your Google Pay account is blocked due to 3 failed UPI attempts unblock at http://gpay-unblock.xyz/verify now.",1
"FINAL NOTICE your BSNL number will be permanently cancelled today renew at http://bsnl-renew.tk/number Rs. 99 only.",1
"Dear Customer your Bajaj Finance personal loan of Rs. 3 lakhs is approved accept at http://bajaj-loan.gq/accept",1
"Your Swiggy delivery partner stole your food claim full refund at http://swiggy-fraud.xyz/claim with order details.",1
"ALERT your DigiLocker documents are about to expire renew at http://digilocker-renew.tk/docs by paying Rs. 199.",1
"Your CRED account shows unauthorized credit card payment of Rs. 8000 dispute at http://cred-dispute.xyz/payment",1
"Congratulations you won free Activa scooter in Hero Honda anniversary draw claim at http://hero-prize.gq/scooter",1
"Dear User your Meesho seller payment of Rs. 15000 is held release at http://meesho-payment.tk/release urgently.",1
"Your MakeMyTrip booking is cancelled refund Rs. 3500 to your account verify details at http://mmt-refund.xyz/now",1
"NOTICE your PAN card is used for Rs. 5 lakh black money transaction call ED office at 9988334455 immediately.",1
"Your Phonepe merchant account is suspended resume at http://phonepe-merchant.gq/resume by verifying GST details.",1
"Dear Customer your Star Health insurance policy is lapsed renew at http://star-health-renew.tk/policy Rs. 999 only.",1
"Congratulations you are selected for free solar panel scheme by government apply at http://solar-free.xyz/scheme",1
"URGENT your Aadhaar is linked to 5 fake SIM cards delink now at http://aadhaar-delink.gq/sim or face arrest.",1
"Your Amazon Pay Later limit of Rs. 20000 is about to expire use now at http://amazonpay-later.tk/extend to keep it.",1
"Dear User your Zerodha Kite trading platform shows loss of Rs. 50000 recover at http://zerodha-recover.xyz/fund",1
"Your IRCTC tatkal ticket booking failed but Rs. 1200 is debited claim refund at http://irctc-refund.gq/claim",1
"NOTICE your property registration is cancelled due to fraud pay Rs. 5000 at http://registration-fine.tk/property",1
"Dear Customer your ICICI Lombard car insurance claim is rejected appeal at http://icici-appeal.xyz/claim urgently.",1
"Your Paytm Postpaid bill of Rs. 3000 is overdue pay at http://paytm-postpaid.gq/pay to avoid account suspension.",1
"Congratulations your number is selected for Airtel free 4K television offer claim at http://airtel-tv.tk/free now.",1
"Your NPS account shows wrong nominee details update at http://nps-update.xyz/nominee to secure your retirement fund.",1
"Dear User your UMANG app is showing fake government scheme click here to report at http://umang-report.gq/fraud",1
"Hi, Your society maintenance bill for June 2026 is Rs. 2500. Pay by 10/06/2026 at the society office or GPay.",0
"Dear Customer, Your SBI account XX7890 is credited with Rs. 25000 salary for June 2026. Available balance updated.",0
"Hi, Your Telangana ration card is renewed for 2026-27. Collect updated card from your nearest ration shop.",0
"Your MedPlus medicine order is ready for pickup at MedPlus store Ameerpet. Collect within 3 days with prescription.",0
"Dear Customer, Your Canara Bank locker rent of Rs. 2000 for 2026-27 is due. Pay at the branch by 30/06/2026.",0
"Hi, Your LinkedIn job application for Software Engineer at Wipro is viewed by the recruiter. Good luck!",0
"Your Myntra return pickup is scheduled for tomorrow between 10am and 12pm. Keep the item packed and ready.",0
"Dear Student, Your Jawahar Navodaya Vidyalaya entrance exam hall ticket is ready at navodaya.gov.in portal.",0
"Hi, Your Hero Honda bike service is completed. Total bill Rs. 1850. Vehicle is ready for pickup at the showroom.",0
"Your IRCTC waiting list ticket for train 12723 Telangana Express is confirmed. Current status: CNF B2 45.",0
"Dear Customer, Your post office savings account passbook is updated. Balance as on 01/06/2026 is Rs. 45000.",0
"Hi, Your medical insurance reimbursement claim of Rs. 12000 at United India Insurance is approved and processing.",0
"Your Maruti car is ready after servicing. Total cost Rs. 4200. Pickup from Maruti Service Center Kukatpally today.",0
"Dear Applicant, Your RRB NTPC application form is successfully submitted. Your application ID is RRB26HY123456.",0
"Hi, Your Swiggy Instamart order is delivered. All 12 items received correctly. Enjoy your groceries!",0
"Your Tata AIG car insurance policy is renewed for one year. Policy number TA2026123456. Premium paid Rs. 8500.",0
"Dear Customer, Your Bank of India account is upgraded to savings premium account. New features activated for you.",0
"Hi, Your JNTUH semester results for 3-2 are declared. Check at jntuhresults.in with your hall ticket number.",0
"Your Zomato Gold membership is activated. Enjoy 1 plus 1 on food and up to 30 percent off on drinks at restaurants.",0
"Dear Customer, Your Sundaram Mutual Fund SIP of Rs. 3000 for June 2026 is processed successfully. Keep investing.",0
"Hi, The water bill for your flat is Rs. 450 for May 2026. Online payment accepted at hmwssb.telangana.gov.in.",0
"Your boAt earphones order from Croma is confirmed. Order ID CR789456. Delivery within 3 working days at home.",0
"Dear Student, Your application for post matric scholarship 2025-26 is approved. Amount Rs. 10000 will be credited.",0
"Hi, Your National Insurance vehicle policy is due for renewal on 20/06/2026. Contact your agent or visit nibindia.in.",0
"Your PharmEasy subscription order for monthly medicines is dispatched. Delivery tomorrow before 8pm at your home.",0
"Dear Customer, Your Vijaya Bank account is migrated to Bank of Baroda. All services continue without interruption.",0
"Hi, Your Vedantu online tuition class for Class 12 Maths is scheduled for today at 6pm. Join using your login.",0
"Your Apollo Pharmacy order is ready for delivery. Medicines will reach your address in 2 hours. Stay healthy.",0
"Dear Candidate, Your interview result for IBPS PO 2026 is declared. Check at ibps.in with your registration number.",0
"Hi, Your housing society AGM is scheduled for 15/06/2026 at 7pm in the community hall. Your presence is requested.",0
"Your Cult.fit gym membership is renewed for 3 months for Rs. 2999. All classes and facilities are available for use.",0
"Dear Customer, Your Canara Bank credit card statement for May 2026 shows total due Rs. 6750. Pay by 20/06/2026.",0
"Hi, Your TSRTC bus pass for June-July 2026 is ready. Collect from the nearest TSRTC depot with your ID card.",0
"Your Myntra order is delivered. If you face any issues with the product please raise a return request within 30 days.",0
"Dear User, Your DigiLocker vehicle RC is updated with new address. Download from digilocker.gov.in anytime.",0
"Hi, Your quarterly dental checkup appointment at Dental World clinic is on 10/06/2026 at 11am. See you then.",0
"Your Dunzo quick delivery order of grocery items is confirmed. Delivery partner assigned. Arriving in 20 minutes.",0
"Dear Customer, Your IDFC First Bank account is opened successfully. Welcome kit will be delivered in 7 working days.",0
"Hi, Your Hyderabad Property Tax for 2026-27 is due. Pay online at ghmc.gov.in before 31/07/2026 to avoid penalty.",0
"Your IndiaMart buyer inquiry for steel pipes has received 5 responses from verified sellers. Check at indiamart.com.",0
"Dear Student, Your EAMCET 2026 rank card is available at tsche.ac.in. Rank: 4521. Counselling starts 20/06/2026.",0
"Hi, Your bike insurance policy from ICICI Lombard is renewed. Policy valid from 05/06/2026 to 04/06/2027.",0
"Your OYO rooms booking at Hotel Pearl Hyderabad from 10/06/2026 to 12/06/2026 is confirmed. Check in at 12pm.",0
"Dear Customer, Your Bandhan Bank RD maturity amount of Rs. 36000 is credited to your savings account today.",0
"Hi, Your Byjus doubt session with mentor is confirmed for today at 7pm. Join on the Byjus app 5 minutes early.",0